{
  "dataset_type": "Conversational",
  "total_items": 366,
  "total_chunks": 13,
  "processed_chunks": 13,
  "total_duration_seconds": 358.9599390029907,
  "items_per_second": 1.0196123863196629,
  "timestamp": "20250312_200344"
}