{
  "dataset_type": "QnA",
  "total_items": 249,
  "total_chunks": 8,
  "processed_chunks": 8,
  "total_duration_seconds": 100.35873293876648,
  "items_per_second": 2.4810994789255307,
  "timestamp": "20250311_203251"
}